{"1": {"name": "Kaustubh", "email": "kaustubh99871@gmail.com", "photo": "1.jpg"}, "2": {"name": "Aditya", "email": "aditya24@gmail.com", "photo": "2.jpg"}, "3": {"name": "Ponvishal", "email": "ponvishal32@gmail.com", "photo": "3.jpg"}, "4": {"name": "Jayesh", "email": "jayesh12@gmail.com", "photo": "4.jpg"}, "5": {"name": "Sameet", "email": "sameet2004@gmail.com", "photo": "5.jpg"}, "6": {"name": "Piyush", "email": "piyush36@gmail.com", "photo": "6.jpg"}, "7": {"name": "Siddesh", "email": "siddesh99@gmail.com", "photo": "7.jpg"}}